Date,Data Source,Ad Account,Publisher,Campaign,Clicks,Spend (AUD),Impressions,Creative,Landing URL,Friendly Label
2026-03-16,reddit,ResetData Ad Account (100Digital),reddit,TOF | Conversion | Community | Resetdata | FebMar26 | AU,4,7.5477,1125,V3 Carousel,https://resetdata.com.au/contact?utm_source=reddit&utm_medium=cpc&utm_campaign=febmar26&utm_term=v3_carousel,"ResetData – Top-of-Funnel Conversion (AU, Feb–Mar 2026) · Creative 3 – Carousel → Contact page"
2026-03-16,reddit,ResetData Ad Account (100Digital),reddit,TOF | Conversion | Community | Resetdata | FebMar26 | AU,8,20.0006,3324,V1 Neocloud,https://resetdata.com.au/contact?utm_source=reddit&utm_medium=cpc&utm_campaign=febmar26&utm_term=v1_cloud,"ResetData – Top-of-Funnel Conversion (AU, Feb–Mar 2026) · Creative 1 – Neocloud → Contact page"
2026-03-16,reddit,ResetData Ad Account (100Digital),reddit,TOF | Conversion | Community | Resetdata | FebMar26 | AU,5,16.2406,2709,V2 Future,https://resetdata.com.au/contact?utm_source=reddit&utm_medium=cpc&utm_campaign=febmar26&utm_term=v2_future,"ResetData – Top-of-Funnel Conversion (AU, Feb–Mar 2026) · Creative 2 – Future → Contact page"
2026-03-15,reddit,ResetData Ad Account (100Digital),reddit,TOF | Conversion | Community | Resetdata | FebMar26 | AU,6,14.6043,1835,V3 Carousel,https://resetdata.com.au/contact?utm_source=reddit&utm_medium=cpc&utm_campaign=febmar26&utm_term=v3_carousel,"ResetData – Top-of-Funnel Conversion (AU, Feb–Mar 2026) · Creative 3 – Carousel → Contact page"
2026-03-15,reddit,ResetData Ad Account (100Digital),reddit,TOF | Conversion | Community | Resetdata | FebMar26 | AU,19,35.5436,5210,V1 Neocloud,https://resetdata.com.au/contact?utm_source=reddit&utm_medium=cpc&utm_campaign=febmar26&utm_term=v1_cloud,"ResetData – Top-of-Funnel Conversion (AU, Feb–Mar 2026) · Creative 1 – Neocloud → Contact page"
2026-03-15,reddit,ResetData Ad Account (100Digital),reddit,TOF | Conversion | Community | Resetdata | FebMar26 | AU,13,31.6396,4951,V2 Future,https://resetdata.com.au/contact?utm_source=reddit&utm_medium=cpc&utm_campaign=febmar26&utm_term=v2_future,"ResetData – Top-of-Funnel Conversion (AU, Feb–Mar 2026) · Creative 2 – Future → Contact page"
2026-03-14,reddit,ResetData Ad Account (100Digital),reddit,TOF | Conversion | Community | Resetdata | FebMar26 | AU,12,29.5526,2847,V3 Carousel,https://resetdata.com.au/contact?utm_source=reddit&utm_medium=cpc&utm_campaign=febmar26&utm_term=v3_carousel,"ResetData – Top-of-Funnel Conversion (AU, Feb–Mar 2026) · Creative 3 – Carousel → Contact page"
2026-03-14,reddit,ResetData Ad Account (100Digital),reddit,TOF | Conversion | Community | Resetdata | FebMar26 | AU,15,31.8262,3270,V1 Neocloud,https://resetdata.com.au/contact?utm_source=reddit&utm_medium=cpc&utm_campaign=febmar26&utm_term=v1_cloud,"ResetData – Top-of-Funnel Conversion (AU, Feb–Mar 2026) · Creative 1 – Neocloud → Contact page"
2026-03-14,reddit,ResetData Ad Account (100Digital),reddit,TOF | Conversion | Community | Resetdata | FebMar26 | AU,6,27.1484,2873,V2 Future,https://resetdata.com.au/contact?utm_source=reddit&utm_medium=cpc&utm_campaign=febmar26&utm_term=v2_future,"ResetData – Top-of-Funnel Conversion (AU, Feb–Mar 2026) · Creative 2 – Future → Contact page"
